{"cameraMode":{"drawMode":0,"name":"Shaded","section":"Shading Mode"},"sceneLighting":false,"audioPlay":false,"sceneViewState":{"m_AlwaysRefresh":false,"showFog":true,"showSkybox":false,"showFlares":true,"showImageEffects":true,"showParticleSystems":true,"showVisualEffectGraphs":true,"m_FxEnabled":true},"in2DMode":false,"pivot":{"x":-0.5705609917640686,"y":-25.27528953552246,"z":2.5622591972351076},"rotation":{"x":0.20888638496398927,"y":-0.5993199348449707,"z":0.16586554050445558,"w":0.7547672390937805},"size":0.29580390453338625,"orthographic":true}